gps_time, lat, lon, alt, temp, wd_corr, ws_corr, pressure, hdop, lgr_time, ch4_d, co2_d, co_d, h2o, avg, comp_time;
2017-06-28 20:09:34.600000,43.665348333333334,-79.39925272727274,119.736,23.7,39.809,1.1,1003.445,1.0,2017-06-28 20:09:42.369000,1.863,409.74,1.949,12139.81,10,2017-06-28 16:09:42.243495;
2017-06-28 20:09:45.100000,43.66534883333333,-79.39925783333335,120.36,23.7,63.51,2.88,1003.39,1.01,2017-06-28 20:09:52.322500,1.864,408.002,1.905,12137.653,10,2017-06-28 16:09:52.236500;
2017-06-28 20:09:55.100000,43.665350499999995,-79.39925533333334,120.86,23.7,64.89,3.19,1003.32,1.03,2017-06-28 20:10:02.275500,1.861,403.774,1.861,12094.864,10,2017-06-28 16:10:02.233545;
2017-06-28 20:10:05.100000,43.66535133333333,-79.39925183333332,120.87,23.7,82.9,2.41,1003.37,1.0,2017-06-28 20:10:12.228500,1.861,404.925,1.798,12038.794,10,2017-06-28 16:10:12.243327;
2017-06-28 20:10:15.100000,43.665344833333336,-79.39925350000001,121.21,23.7,64.51,3.38,1003.38,1.0,2017-06-28 20:10:22.182500,1.861,413.313,1.824,12091.941,10,2017-06-28 16:10:22.238854;
2017-06-28 20:10:25.100000,43.665343166666666,-79.39925650000002,121.36,23.75,45.72,1.66,1003.39,1.0,2017-06-28 20:10:32.135500,1.861,411.861,1.8,12076.326,10,2017-06-28 16:10:32.220560;
2017-06-28 20:10:35.100000,43.665347499999996,-79.39925083333333,121.72,23.8,69.74,2.22,1003.42,1.0,2017-06-28 20:10:42.090000,1.861,412.458,1.823,12067.656,10,2017-06-28 16:10:42.239392;
2017-06-28 20:10:45.100000,43.66535249999999,-79.39924349999998,122.17,23.8,80.85,2.19,1003.39,1.0,2017-06-28 20:10:52.043000,1.861,411.406,1.795,12085.199,10,2017-06-28 16:10:52.242558;
2017-06-28 20:10:55.100000,43.66535449999999,-79.39924233333332,121.97,23.72,63.47,3.57,1003.36,1.0,2017-06-28 20:11:01.996000,1.863,413.935,1.876,12183.591,10,2017-06-28 16:11:02.245274;
2017-06-28 20:11:05.100000,43.66535133333333,-79.39924399999998,121.84,23.72,42.01,2.56,1003.3,1.0,2017-06-28 20:11:11.950000,1.862,409.158,1.838,12119.173,10,2017-06-28 16:11:12.252248;
2017-06-28 20:11:14.650000,43.66535,-79.39923833333333,122.133,23.8,167.156,1.756,1003.289,1.0,2017-06-28 20:11:21.903500,1.863,406.456,1.763,12087.348,10,2017-06-28 16:11:21.252388;
2017-06-28 20:11:24.100000,43.66535,-79.3992335,121.65,23.88,306.1,0.8,1003.36,1.06,2017-06-28 20:11:31.857000,1.862,406.473,1.777,12086.234,10,2017-06-28 16:11:31.256683;
2017-06-28 20:11:34.100000,43.66535,-79.39922983333334,121.46,23.89,67.01,2.26,1003.36,1.03,2017-06-28 20:11:41.810500,1.865,406.889,1.729,12160.951,10,2017-06-28 16:11:41.244727;
2017-06-28 20:11:44.150000,43.66534633333333,-79.399233,120.88,23.75,64.3,3.95,1003.33,1.0,2017-06-28 20:11:51.763000,1.866,409.607,1.766,12166.991,10,2017-06-28 16:11:51.257148;
2017-06-28 20:11:54.200000,43.665340166666674,-79.39923983333333,120.44,23.78,60.85,3.07,1003.3,1.0,2017-06-28 20:12:01.717000,1.867,412.935,2.048,12117.697,10,2017-06-28 16:12:01.258636;
2017-06-28 20:12:04.200000,43.665338500000004,-79.39924849999997,120.66,23.85,75.02,1.02,1003.29,1.03,2017-06-28 20:12:11.670000,1.872,424.79,3.363,12104.902,10,2017-06-28 16:12:11.251774;
2017-06-28 20:12:14.200000,43.66533466666668,-79.39925066666669,120.86,23.9,98.46,1.36,1003.29,1.0,2017-06-28 20:12:21.624000,1.873,424.394,2.667,12140.601,10,2017-06-28 16:12:21.242553;
2017-06-28 20:12:24.200000,43.66533066666666,-79.39925149999999,120.51,23.83,53.2,3.07,1003.31,1.0,2017-06-28 20:12:31.578000,1.871,418.107,2.153,12183.156,10,2017-06-28 16:12:31.259362;
2017-06-28 20:12:34.200000,43.66533116666666,-79.39924683333334,120.56,23.89,85.65,1.67,1003.31,1.0,2017-06-28 20:12:41.531000,1.872,419.882,2.595,12211.114,10,2017-06-28 16:12:41.252539;
2017-06-28 20:12:44.150000,43.66533333333334,-79.39924833333335,120.28,23.96,67.74,3.21,1003.34,1.0,2017-06-28 20:12:51.484500,1.87,419.648,2.566,12208.14,10,2017-06-28 16:12:51.262484;
2017-06-28 20:15:10.150000,43.665327166666664,-79.3992315,125.68,23.9,45.38,2.02,1003.21,0.9,2017-06-28 20:15:16.802500,1.866,405.729,1.564,12005.578,10,2017-06-28 16:15:17.097978;
2017-06-28 20:15:20.150000,43.66532516666667,-79.399231,125.76,23.9,46.05,1.77,1003.22,0.92,2017-06-28 20:15:26.756000,1.864,405.5,1.51,12057.93,10,2017-06-28 16:15:27.078637;
2017-06-28 20:15:29.700000,43.66532185185186,-79.39923092592592,125.933,23.9,67.0,1.322,1003.311,1.033,2017-06-28 20:15:36.709000,1.867,407.254,1.56,12050.933,10,2017-06-28 16:15:36.076922;
2017-06-28 20:15:39.200000,43.66532216666666,-79.39922716666666,126.46,23.9,66.76,2.13,1003.24,1.13,2017-06-28 20:15:46.662500,1.879,417.26,1.698,12087.334,10,2017-06-28 16:15:46.083712;
2017-06-28 20:15:49.200000,43.66532516666666,-79.399225,126.85,23.9,51.95,2.07,1003.25,1.02,2017-06-28 20:15:56.616500,1.87,424.083,1.774,12094.886,10,2017-06-28 16:15:56.100060;
2017-06-28 20:15:59.200000,43.665324,-79.39922333333334,127.71,23.9,86.79,2.07,1003.29,0.9,2017-06-28 20:16:06.571000,1.868,416.319,1.713,12122.24,10,2017-06-28 16:16:06.085925;
2017-06-28 20:16:09.200000,43.665325499999994,-79.399227,127.71,23.9,84.39,1.99,1003.29,0.9,2017-06-28 20:16:16.524500,1.869,412.3,1.721,12163.056,10,2017-06-28 16:16:16.102319;
2017-06-28 20:16:19.200000,43.665330666666655,-79.39923799999998,127.01,23.9,69.16,1.56,1003.34,0.9,2017-06-28 20:16:26.478000,1.868,410.751,1.708,12220.762,10,2017-06-28 16:16:26.088049;
2017-06-28 20:16:29.200000,43.66533450000001,-79.39924133333332,126.66,23.91,59.65,1.27,1003.3,0.92,2017-06-28 20:16:36.430500,1.866,409.5,1.676,12148.212,10,2017-06-28 16:16:36.104396;
2017-06-28 20:16:39.200000,43.66533466666667,-79.39924283333335,125.92,24.0,109.84,1.42,1003.3,0.9,2017-06-28 20:16:46.383000,1.866,414.436,1.635,12112.062,10,2017-06-28 16:16:46.102068;
2017-06-28 20:16:49.200000,43.66532899999999,-79.39925766666668,123.64,24.0,52.02,2.14,1003.38,0.96,2017-06-28 20:16:56.337000,1.868,430.756,1.58,12137.053,10,2017-06-28 16:16:56.090566;
2017-06-28 20:16:59.200000,43.665327999999995,-79.39926466666667,121.81,24.0,70.62,2.63,1003.35,0.92,2017-06-28 20:17:06.290000,1.869,422.939,1.855,12171.446,10,2017-06-28 16:17:06.094291;
2017-06-28 20:17:09.200000,43.66531916666666,-79.39927816666665,120.28,24.06,76.63,1.92,1003.35,0.9,2017-06-28 20:17:16.243500,1.868,420.026,1.766,12205.328,10,2017-06-28 16:17:16.096473;
2017-06-28 20:17:19.200000,43.665307,-79.39928366666666,120.11,24.0,70.62,2.18,1003.36,0.93,2017-06-28 20:17:26.197000,1.868,418.557,1.801,12231.3,10,2017-06-28 16:17:26.111854;
2017-06-28 20:17:29.200000,43.66530433333333,-79.3992775,120.0,24.0,68.28,2.92,1003.32,0.9,2017-06-28 20:17:36.150000,1.867,414.935,1.736,12231.073,10,2017-06-28 16:17:36.098523;
2017-06-28 20:17:39.200000,43.66530649999999,-79.399272,120.13,24.0,48.44,2.49,1003.31,0.92,2017-06-28 20:17:46.104500,1.865,414.002,1.706,12197.254,10,2017-06-28 16:17:46.105970;
2017-06-28 20:17:49.200000,43.66531133333332,-79.39927333333333,120.03,24.0,60.63,2.71,1003.25,0.9,2017-06-28 20:17:56.059000,1.865,413.729,1.591,12178.305,10,2017-06-28 16:17:56.091306;
2017-06-28 20:17:59.200000,43.665315833333345,-79.39927066666667,119.65,24.0,59.98,2.13,1003.32,0.9,2017-06-28 20:18:06.012000,1.865,431.757,1.723,12208.305,10,2017-06-28 16:18:06.112090;
2017-06-28 20:18:09.200000,43.665314166666654,-79.39926566666666,119.86,24.07,33.27,1.88,1003.36,0.92,2017-06-28 20:18:15.965000,1.864,430.728,1.707,12218.197,10,2017-06-28 16:18:16.102997;
2017-06-28 20:18:19.200000,43.66531166666666,-79.39926500000001,119.72,24.1,38.73,1.95,1003.32,0.92,2017-06-28 20:18:25.917500,1.865,422.696,1.747,12197.87,10,2017-06-28 16:18:26.106868;
2017-06-28 20:18:29.200000,43.66531333333332,-79.39925966666668,119.72,24.17,93.15,1.71,1003.32,0.93,2017-06-28 20:18:35.871000,1.873,418.889,1.809,12246.09,10,2017-06-28 16:18:36.111382;
2017-06-28 20:18:39.200000,43.665312833333324,-79.39925750000002,120.48,24.19,66.13,2.3,1003.35,0.93,2017-06-28 20:18:45.824000,1.874,417.749,1.973,12256.661,10,2017-06-28 16:18:46.099514;
2017-06-28 20:18:49.200000,43.66531166666666,-79.39925333333335,121.16,24.0,64.81,3.91,1003.33,0.9,2017-06-28 20:18:55.778000,1.866,416.926,1.796,12219.788,10,2017-06-28 16:18:56.113793;
2017-06-28 20:18:58.700000,43.66531277777777,-79.39925500000001,121.389,24.0,63.178,3.089,1003.267,0.933,2017-06-28 20:19:05.732000,1.862,409.57,1.557,12115.19,10,2017-06-28 16:19:05.113361;
2017-06-28 20:19:08.200000,43.66531783333334,-79.39926133333334,121.06,24.0,52.04,2.45,1003.27,0.9,2017-06-28 20:19:15.685500,1.862,413.26,1.67,12100.734,10,2017-06-28 16:19:15.103748;
2017-06-28 20:19:18.200000,43.665324166666664,-79.39926233333334,120.74,24.0,60.52,3.25,1003.31,0.9,2017-06-28 20:19:25.639000,1.864,425.814,2.094,12075.701,10,2017-06-28 16:19:25.119393;
2017-06-28 20:19:28.200000,43.665321500000005,-79.39926383333334,120.66,23.96,73.95,2.59,1003.32,0.9,2017-06-28 20:19:35.592000,1.866,421.219,2.743,12068.243,10,2017-06-28 16:19:35.105808;
2017-06-28 20:19:38.200000,43.66525166666666,-79.39945516666668,123.18,24.09,77.58,4.4,1003.26,0.9,2017-06-28 20:19:45.545500,1.865,414.849,2.393,12034.013,10,2017-06-28 16:19:45.112619;
2017-06-28 20:19:48.200000,43.665110166666665,-79.3997985,129.25,24.04,79.49,7.39,1003.32,0.9,2017-06-28 20:19:55.499500,1.866,413.852,2.156,12105.454,10,2017-06-28 16:19:55.121913;
2017-06-28 20:19:58.200000,43.66500216666666,-79.40010366666667,130.29,23.93,62.39,6.66,1003.27,0.9,2017-06-28 20:20:05.452500,1.863,411.584,1.466,12244.034,10,2017-06-28 16:20:05.112715;
2017-06-28 20:20:08.200000,43.66505316666666,-79.40052949999999,120.16,23.98,59.37,6.7,1003.22,0.9,2017-06-28 20:20:15.405500,1.862,408.593,1.417,12293.252,10,2017-06-28 16:20:15.122496;
2017-06-28 20:20:18.200000,43.66488483333333,-79.40061583333332,111.03,23.86,45.68,8.64,1003.22,0.9,2017-06-28 20:20:25.362000,1.862,408.367,1.506,12189.28,10,2017-06-28 16:20:25.116811;
2017-06-28 20:20:28.200000,43.664528999999995,-79.40047150000001,111.9,23.78,247.74,10.69,1003.25,0.9,2017-06-28 20:20:35.325000,1.863,408.038,1.48,12106.419,10,2017-06-28 16:20:35.120488;
2017-06-28 20:20:38.150000,43.664185999999994,-79.40035133333333,111.61,23.7,316.43,9.63,1003.31,0.96,2017-06-28 20:20:45.300000,1.862,410.759,1.394,12027.333,10,2017-06-28 16:20:45.128794;
2017-06-28 20:20:48.200000,43.6638465,-79.40020450000002,106.33,23.7,333.76,10.71,1003.38,0.96,2017-06-28 20:20:55.259000,1.861,406.86,1.405,12005.256,10,2017-06-28 16:20:55.118063;
2017-06-28 20:20:58.100000,43.66362333333333,-79.40010583333333,105.69,23.77,181.59,3.93,1003.42,0.92,2017-06-28 20:21:05.219000,1.862,406.838,1.465,11989.856,10,2017-06-28 16:21:05.111903;
2017-06-28 20:21:08.150000,43.66360166666666,-79.40010316666668,105.34,23.8,80.41,3.65,1003.42,0.91,2017-06-28 20:21:15.180500,1.861,411.889,1.44,11989.885,10,2017-06-28 16:21:15.121088;
2017-06-28 20:21:18.100000,43.66358600000001,-79.40010816666668,108.68,23.83,116.12,2.93,1003.46,0.9,2017-06-28 20:21:25.150500,1.861,408.778,1.455,12028.711,10,2017-06-28 16:21:25.118914;
2017-06-28 20:21:28.150000,43.66357183333333,-79.40010049999998,111.16,23.91,94.96,3.31,1003.44,0.9,2017-06-28 20:21:35.109500,1.862,407.193,1.413,12006.25,10,2017-06-28 16:21:35.125621;
2017-06-28 20:21:38.150000,43.66352116666667,-79.40007883333334,112.88,24.0,193.48,3.04,1003.49,0.91,2017-06-28 20:21:45.066000,1.863,405.046,1.414,11943.735,10,2017-06-28 16:21:45.116689;
2017-06-28 20:21:48.200000,43.66325,-79.39995583333334,109.05,23.84,284.03,11.11,1003.43,0.9,2017-06-28 20:21:55.021500,1.863,411.27,1.426,11950.898,10,2017-06-28 16:21:55.148321;
2017-06-28 20:21:58.100000,43.6628755,-79.39979766666667,115.0,23.7,142.37,9.76,1003.44,0.9,2017-06-28 20:22:04.974500,1.865,414.295,1.513,12013.707,10,2017-06-28 16:22:05.140836;
2017-06-28 20:22:08.050000,43.662570833333334,-79.39967616666667,119.25,23.74,347.82,6.92,1003.32,0.91,2017-06-28 20:22:14.929000,1.865,409.047,1.485,12050.074,10,2017-06-28 16:22:15.134312;
2017-06-28 20:22:18.150000,43.66222716666666,-79.399532,110.36,23.7,348.53,9.45,1003.35,0.9,2017-06-28 20:22:24.882000,1.866,408.78,1.522,12058.873,10,2017-06-28 16:22:25.133607;
2017-06-28 20:22:28.150000,43.661912499999985,-79.39936600000001,112.35,23.77,181.79,5.5,1003.43,0.9,2017-06-28 20:22:34.850000,1.867,413.764,1.539,12118.254,10,2017-06-28 16:22:35.126983;
2017-06-28 20:22:38.100000,43.661683666666676,-79.39931883333334,106.96,23.87,16.97,5.0,1003.44,0.9,2017-06-28 20:22:44.801500,1.872,419.599,1.543,12186.796,10,2017-06-28 16:22:45.126941;
2017-06-28 20:22:48.150000,43.66144633333333,-79.3992495,104.82,23.9,74.21,7.28,1003.46,0.9,2017-06-28 20:22:54.772500,1.871,416.713,1.51,12266.653,10,2017-06-28 16:22:55.146912;
2017-06-28 20:22:57.550000,43.6612574074074,-79.3990911111111,107.878,23.9,273.033,5.256,1003.533,0.9,2017-06-28 20:23:04.725000,1.874,418.408,1.458,12289.426,10,2017-06-28 16:23:04.138439;
2017-06-28 20:23:07.150000,43.66128266666667,-79.39897283333333,113.68,23.98,154.83,2.94,1003.56,0.9,2017-06-28 20:23:14.680000,1.879,411.327,1.523,12280.5,10,2017-06-28 16:23:14.138258;
2017-06-28 20:23:17.150000,43.6612625,-79.398899,114.23,24.0,152.84,3.79,1003.54,0.92,2017-06-28 20:23:24.632000,1.882,407.832,1.369,12207.888,10,2017-06-28 16:23:24.148369;
2017-06-28 20:23:27.150000,43.66126216666667,-79.39884783333335,109.05,24.09,146.16,2.08,1003.53,0.9,2017-06-28 20:23:34.584500,1.884,407.216,1.403,12198.734,10,2017-06-28 16:23:34.136119;
2017-06-28 20:23:37.150000,43.66130166666666,-79.39883799999998,108.78,24.2,97.86,1.31,1003.6,0.96,2017-06-28 20:23:44.539000,1.883,406.869,1.384,12211.359,10,2017-06-28 16:23:44.145963;
2017-06-28 20:23:47.200000,43.661236,-79.39879833333332,100.41,24.25,158.46,2.05,1003.62,1.02,2017-06-28 20:23:54.491000,1.878,406.118,1.393,12239.827,10,2017-06-28 16:23:54.144701;
2017-06-28 20:23:57.100000,43.66120966666666,-79.39878866666666,94.11,24.3,117.26,1.66,1003.63,1.02,2017-06-28 20:24:04.445000,1.876,406.339,1.377,12264.998,10,2017-06-28 16:24:04.148630;
2017-06-28 20:24:07.200000,43.66122483333332,-79.39881416666667,96.64,24.37,96.1,1.02,1003.6,1.09,2017-06-28 20:24:14.398500,1.877,406.801,1.375,12334.578,10,2017-06-28 16:24:14.145166;
2017-06-28 20:24:17.200000,43.66123816666667,-79.39881916666667,101.65,24.4,151.22,2.19,1003.63,1.21,2017-06-28 20:24:24.353000,1.875,413.529,1.391,12387.666,10,2017-06-28 16:24:24.156675;
2017-06-28 20:24:27.100000,43.661237500000006,-79.39882133333333,102.05,24.4,158.04,3.51,1003.58,1.15,2017-06-28 20:24:34.306000,1.873,409.575,1.433,12377.017,10,2017-06-28 16:24:34.141250;
2017-06-28 20:24:37.200000,43.661235666666656,-79.39883416666666,100.78,24.52,124.19,1.65,1003.53,0.99,2017-06-28 20:24:44.260000,1.873,407.216,1.416,12301.673,10,2017-06-28 16:24:44.158509;
2017-06-28 20:24:47.200000,43.66123650000001,-79.39883666666665,101.13,24.6,159.42,1.06,1003.53,1.1,2017-06-28 20:24:54.212000,1.873,406.19,1.343,12307.488,10,2017-06-28 16:24:54.159534;
2017-06-28 20:24:57.200000,43.66123866666668,-79.39883416666666,100.36,24.6,132.62,1.21,1003.57,1.06,2017-06-28 20:25:04.165500,1.872,405.522,1.468,12231.021,10,2017-06-28 16:25:04.145961;
2017-06-28 20:25:07.200000,43.66124033333334,-79.39883316666665,99.97,24.7,54.5,0.63,1003.58,0.92,2017-06-28 20:25:14.119000,1.872,405.833,1.416,12186.648,10,2017-06-28 16:25:14.143656;
2017-06-28 20:25:17.200000,43.66124466666667,-79.39884716666668,100.87,24.8,134.24,0.45,1003.64,0.95,2017-06-28 20:25:24.074000,1.873,410.535,1.475,12288.487,10,2017-06-28 16:25:24.152262;
2017-06-28 20:25:27.200000,43.661248,-79.39885333333335,101.92,24.8,128.43,1.1,1003.6,0.9,2017-06-28 20:25:34.027500,1.874,411.774,1.421,12368.562,10,2017-06-28 16:25:34.169541;
2017-06-28 20:25:37.200000,43.66125583333333,-79.39888366666668,102.81,24.89,212.05,1.36,1003.65,0.9,2017-06-28 20:25:43.979500,1.875,408.507,1.368,12333.014,10,2017-06-28 16:25:44.152689;
2017-06-28 20:25:47.200000,43.661336166666665,-79.39911783333334,104.88,24.9,132.98,3.34,1003.65,0.9,2017-06-28 20:25:53.932500,1.878,407.684,1.444,12382.501,10,2017-06-28 16:25:54.164739;
2017-06-28 20:25:57.200000,43.661635000000004,-79.39928133333335,107.04,24.9,168.5,7.6,1003.57,0.9,2017-06-28 20:26:03.886000,1.876,409.716,1.482,12401.953,10,2017-06-28 16:26:04.161872;
2017-06-28 20:26:07.200000,43.66177666666667,-79.39924716666665,115.83,24.96,221.79,2.05,1003.52,0.9,2017-06-28 20:26:13.840000,1.869,415.589,1.495,12475.649,10,2017-06-28 16:26:14.158052;
2017-06-28 20:26:17.200000,43.66197050000001,-79.39930633333333,124.46,25.0,189.32,5.15,1003.51,0.9,2017-06-28 20:26:23.794000,1.87,422.562,1.609,12580.166,10,2017-06-28 16:26:24.170037;
2017-06-28 20:26:26.700000,43.66235814814815,-79.39948037037037,123.944,24.878,185.844,9.189,1003.411,0.933,2017-06-28 20:26:33.747500,1.881,448.834,2.575,12587.148,10,2017-06-28 16:26:33.162460;
2017-06-28 20:26:36.200000,43.662851833333335,-79.39973583333334,119.91,24.8,182.17,10.61,1003.34,0.97,2017-06-28 20:26:43.700500,1.873,423.971,1.737,12420.492,10,2017-06-28 16:26:43.159511;
2017-06-28 20:26:46.200000,43.66333216666666,-79.39992383333333,113.78,24.84,154.62,5.06,1003.3,0.92,2017-06-28 20:26:53.653500,1.868,410.718,1.534,12326.31,10,2017-06-28 16:26:53.173872;
2017-06-28 20:26:56.200000,43.66338066666667,-79.39989966666668,111.54,24.77,151.5,3.18,1003.35,1.0,2017-06-28 20:27:03.608000,1.867,408.108,1.435,12275.864,10,2017-06-28 16:27:03.166452;
2017-06-28 20:27:06.200000,43.663377666666676,-79.3998955,111.01,24.68,157.6,3.14,1003.39,0.99,2017-06-28 20:27:13.560000,1.867,405.363,1.493,12255.516,10,2017-06-28 16:27:13.169025;
2017-06-28 20:27:16.200000,43.66338233333334,-79.39992350000001,108.67,24.65,157.87,3.33,1003.4,0.91,2017-06-28 20:27:23.514000,1.867,404.7,1.535,12201.838,10,2017-06-28 16:27:23.161281;
2017-06-28 20:27:26.200000,43.663404166666666,-79.39994266666666,107.88,24.6,167.26,3.98,1003.4,0.9,2017-06-28 20:27:33.467500,1.865,403.806,1.439,12164.312,10,2017-06-28 16:27:33.178794;
2017-06-28 20:27:36.200000,43.6636285,-79.40007299999999,108.33,24.6,200.95,7.69,1003.35,0.91,2017-06-28 20:27:43.421000,1.865,404.298,1.469,12108.256,10,2017-06-28 16:27:43.179693;
2017-06-28 20:27:46.200000,43.664008166666676,-79.40028966666667,114.01,24.52,189.12,9.87,1003.24,0.92,2017-06-28 20:27:53.374500,1.864,404.093,1.388,12127.18,10,2017-06-28 16:27:53.168727;
2017-06-28 20:27:56.200000,43.66445450000001,-79.40042033333334,113.69,24.5,181.72,8.79,1003.11,0.98,2017-06-28 20:28:03.327500,1.861,404.597,1.336,12198.93,10,2017-06-28 16:28:03.174725;
2017-06-28 20:28:06.200000,43.664856500000006,-79.4005575,117.43,24.5,173.89,7.66,1003.06,0.9,2017-06-28 20:28:13.280500,1.863,407.999,1.359,11920.603,10,2017-06-28 16:28:13.169949;
2017-06-28 20:28:16.150000,43.665263499999995,-79.40076566666667,111.12,24.59,174.04,8.18,1002.99,0.9,2017-06-28 20:28:23.234000,1.863,414.988,1.469,11943.939,10,2017-06-28 16:28:23.177578;
2017-06-28 20:28:26.200000,43.66553900000001,-79.40086816666665,111.94,24.6,166.01,4.81,1003.01,0.9,2017-06-28 20:28:33.187000,1.865,423.855,1.357,12082.264,10,2017-06-28 16:28:33.189467;
2017-06-28 20:28:36.200000,43.66579233333333,-79.40096183333334,112.87,24.6,170.76,7.05,1003.0,0.9,2017-06-28 20:28:43.142000,1.864,415.397,1.392,12142.476,10,2017-06-28 16:28:43.190098;
2017-06-28 20:28:46.200000,43.66617083333334,-79.40110366666666,116.55,24.57,169.7,9.44,1002.91,0.9,2017-06-28 20:28:53.094500,1.864,420.652,1.434,12158.086,10,2017-06-28 16:28:53.187713;
2017-06-28 20:28:56.200000,43.666584,-79.40127349999999,118.2,24.46,178.28,9.19,1002.88,0.91,2017-06-28 20:29:03.048500,1.864,425.304,1.415,12244.861,10,2017-06-28 16:29:03.177391;
2017-06-28 20:29:06.200000,43.6669475,-79.40138883333334,120.58,24.5,144.67,4.59,1002.8,0.9,2017-06-28 20:29:13.001000,1.863,412.957,1.415,12153.148,10,2017-06-28 16:29:13.190032;
2017-06-28 20:29:16.200000,43.667150166666666,-79.40118116666667,118.56,24.51,253.68,5.07,1002.7,0.9,2017-06-28 20:29:22.954500,1.863,405.084,1.522,12001.798,10,2017-06-28 16:29:23.183072;
2017-06-28 20:29:26.200000,43.667295833333334,-79.40054799999999,115.19,24.54,255.2,10.3,1002.71,0.91,2017-06-28 20:29:32.909000,1.864,406.619,1.466,11999.566,10,2017-06-28 16:29:33.189474;
2017-06-28 20:29:36.200000,43.667403666666665,-79.39995116666665,117.41,24.49,279.42,9.6,1002.73,0.91,2017-06-28 20:29:42.863000,1.867,430.154,1.442,12019.135,10,2017-06-28 16:29:43.201577;
2017-06-28 20:29:46.200000,43.66709766666666,-79.39964333333333,121.95,24.4,214.64,10.2,1002.84,0.9,2017-06-28 20:29:52.816000,1.87,436.264,1.474,12038.486,10,2017-06-28 16:29:53.188743;
2017-06-28 20:29:55.700000,43.66669296296296,-79.39950888888887,120.978,24.322,347.0,11.278,1002.944,0.922,2017-06-28 20:30:02.777000,1.876,424.926,1.488,12089.461,10,2017-06-28 16:30:02.193945;
2017-06-28 20:30:05.200000,43.66628116666667,-79.39938016666667,114.47,24.3,355.53,10.62,1002.89,0.92,2017-06-28 20:30:12.749000,1.867,421.823,1.451,12022.666,10,2017-06-28 16:30:12.173834;
2017-06-28 20:30:15.200000,43.66585466666667,-79.39919649999999,111.06,24.3,320.1,10.06,1002.92,0.91,2017-06-28 20:30:22.717500,1.866,419.979,1.527,11962.384,10,2017-06-28 16:30:22.191264;
2017-06-28 20:30:25.200000,43.66540483333334,-79.39900716666666,111.1,24.37,350.32,10.24,1002.97,0.9,2017-06-28 20:30:32.674000,1.866,419.489,1.424,11956.371,10,2017-06-28 16:30:32.198508;
2017-06-28 20:30:35.200000,43.66494516666667,-79.39881466666668,109.8,24.14,348.97,14.35,1003.06,0.9,2017-06-28 20:30:42.626500,1.867,425.015,1.588,12018.526,10,2017-06-28 16:30:42.190059;
2017-06-28 20:30:45.200000,43.66450183333334,-79.39865116666667,113.09,23.91,314.31,13.35,1003.17,0.91,2017-06-28 20:30:52.587500,1.867,418.034,1.787,12044.176,10,2017-06-28 16:30:52.205164;
2017-06-28 20:30:55.200000,43.66401950000001,-79.39844733333332,115.37,23.91,4.89,12.07,1003.18,0.9,2017-06-28 20:31:02.557000,1.868,414.61,1.42,11926.235,10,2017-06-28 16:31:02.185564;
2017-06-28 20:31:05.200000,43.663545500000005,-79.39825933333333,109.75,24.03,213.68,12.03,1003.17,0.9,2017-06-28 20:31:12.519500,1.869,411.42,1.49,11876.05,10,2017-06-28 16:31:12.205142;
2017-06-28 20:31:15.150000,43.663025833333336,-79.39801166666668,110.93,23.95,211.67,13.52,1003.3,0.92,2017-06-28 20:31:22.484500,1.872,420.946,1.719,11989.08,10,2017-06-28 16:31:22.193653;
2017-06-28 20:31:25.200000,43.6624955,-79.397795,113.68,23.98,355.86,12.76,1003.29,0.9,2017-06-28 20:31:32.446500,1.875,418.947,1.621,11974.96,10,2017-06-28 16:31:32.207715;
2017-06-28 20:31:35.200000,43.662108,-79.39766766666668,106.84,24.08,282.54,11.53,1003.35,0.9,2017-06-28 20:31:42.403000,1.879,422.487,1.551,12006.589,10,2017-06-28 16:31:42.200731;
2017-06-28 20:31:45.200000,43.661723333333335,-79.3975165,106.01,24.1,353.6,10.06,1003.48,0.91,2017-06-28 20:31:52.357000,1.878,422.821,1.506,12122.258,10,2017-06-28 16:31:52.210268;
2017-06-28 20:31:55.200000,43.661388,-79.397377,108.36,23.96,322.54,10.38,1003.46,0.9,2017-06-28 20:32:02.311000,1.877,419.464,1.456,12072.716,10,2017-06-28 16:32:02.189685;
2017-06-28 20:32:05.200000,43.660989666666666,-79.39720266666666,119.65,23.9,320.9,10.39,1003.46,0.9,2017-06-28 20:32:12.266000,1.871,412.622,1.43,12025.407,10,2017-06-28 16:32:12.203945;
2017-06-28 20:32:15.200000,43.66064883333333,-79.397075,113.23,23.9,316.97,10.21,1003.55,0.9,2017-06-28 20:32:22.223000,1.871,416.614,1.562,11925.657,10,2017-06-28 16:32:22.212097;
2017-06-28 20:32:25.200000,43.66027700000001,-79.39690816666666,106.29,23.92,343.83,10.5,1003.65,0.9,2017-06-28 20:32:32.176000,1.872,422.615,1.368,11940.328,10,2017-06-28 16:32:32.197509;
2017-06-28 20:32:35.200000,43.659833000000006,-79.39671416666667,108.84,23.9,352.39,11.67,1003.75,0.9,2017-06-28 20:32:42.127000,1.875,425.112,1.447,11964.187,10,2017-06-28 16:32:42.205040;
2017-06-28 20:32:45.200000,43.659381333333336,-79.39651933333333,117.69,23.86,353.74,11.5,1003.83,0.9,2017-06-28 20:32:52.081000,1.873,449.789,1.45,12056.574,10,2017-06-28 16:32:52.220729;
2017-06-28 20:32:55.200000,43.65899666666667,-79.396306,117.84,23.73,243.1,11.5,1003.95,0.9,2017-06-28 20:33:02.034000,1.875,440.396,1.476,12086.199,10,2017-06-28 16:33:02.217729;
2017-06-28 20:33:05.200000,43.65879600000001,-79.39614633333333,102.91,23.88,207.89,5.7,1004.0,0.9,2017-06-28 20:33:11.988000,1.876,430.067,1.429,12079.574,10,2017-06-28 16:33:12.205629;
2017-06-28 20:33:15.200000,43.65871716666667,-79.39589616666667,99.41,23.98,286.48,6.11,1004.09,0.9,2017-06-28 20:33:21.941000,1.874,433.523,1.361,12123.32,10,2017-06-28 16:33:22.215328;
2017-06-28 20:33:25.150000,43.6587325,-79.39538316666666,103.14,24.09,256.35,7.71,1004.13,0.9,2017-06-28 20:33:31.894500,1.875,437.233,1.414,12168.109,10,2017-06-28 16:33:32.222585;
2017-06-28 20:33:35.200000,43.65885383333334,-79.39482466666666,104.19,24.12,259.7,7.78,1004.16,0.9,2017-06-28 20:33:41.849000,1.878,428.984,1.415,12229.127,10,2017-06-28 16:33:42.209362;
2017-06-28 20:33:44.700000,43.65896981481482,-79.39433037037037,104.278,24.267,252.622,6.8,1004.222,0.933,2017-06-28 20:33:51.803000,1.883,431.771,1.403,12231.851,10,2017-06-28 16:33:51.207203;
2017-06-28 20:33:54.200000,43.65907516666666,-79.39384266666667,103.05,24.37,258.56,6.54,1004.29,0.9,2017-06-28 20:34:01.756500,1.889,444.394,1.833,12309.915,10,2017-06-28 16:34:01.223684;
2017-06-28 20:34:04.250000,43.65914316666667,-79.39360666666667,104.0,24.48,294.68,2.5,1004.31,0.9,2017-06-28 20:34:11.710000,1.92,453.601,1.849,12384.12,10,2017-06-28 16:34:11.215615;
2017-06-28 20:34:14.150000,43.659175999999995,-79.39360333333333,107.66,24.5,272.67,1.67,1004.34,0.9,2017-06-28 20:34:21.662500,1.924,460.691,1.601,12438.275,10,2017-06-28 16:34:21.220844;
2017-06-28 20:34:24.200000,43.659168,-79.3939035,104.18,24.46,96.71,7.79,1004.39,0.9,2017-06-28 20:34:31.615500,1.927,449.469,1.605,12463.101,10,2017-06-28 16:34:31.231534;
2017-06-28 20:34:34.250000,43.659349666666664,-79.39416100000001,106.72,24.4,176.28,5.05,1004.34,0.9,2017-06-28 20:34:41.570000,1.901,427.925,1.598,12490.5,10,2017-06-28 16:34:41.222160;
2017-06-28 20:34:44.250000,43.659668,-79.39430766666666,106.11,24.47,186.0,5.38,1004.21,0.91,2017-06-28 20:34:51.523500,1.887,419.745,1.539,12424.018,10,2017-06-28 16:34:51.227303;
2017-06-28 20:34:54.250000,43.65998416666666,-79.39445400000001,104.25,24.5,196.23,4.05,1004.17,0.91,2017-06-28 20:35:01.477000,1.889,414.448,1.607,12551.05,10,2017-06-28 16:35:01.238670;
2017-06-28 20:35:04.200000,43.660300833333324,-79.39453533333334,103.08,24.6,194.27,4.96,1004.04,0.9,2017-06-28 20:35:11.430000,1.886,410.733,1.621,12581.405,10,2017-06-28 16:35:11.226545;
2017-06-28 20:35:14.200000,43.660591000000004,-79.39468216666667,102.51,24.6,182.54,4.56,1003.93,0.91,2017-06-28 20:35:21.382000,1.882,407.685,1.493,12582.796,10,2017-06-28 16:35:21.223884;
2017-06-28 20:35:24.300000,43.66074133333333,-79.39472599999999,106.89,24.66,171.7,1.84,1003.85,0.9,2017-06-28 20:35:31.336500,1.881,409.176,1.484,12591.648,10,2017-06-28 16:35:31.233227;
2017-06-28 20:35:34.300000,43.66075683333332,-79.39472700000002,111.91,24.7,167.39,1.6,1003.88,0.9,2017-06-28 20:35:41.291000,1.88,407.846,1.474,12723.079,10,2017-06-28 16:35:41.234287;
2017-06-28 20:35:44.300000,43.66076333333333,-79.39470433333335,107.94,24.66,166.04,1.42,1003.9,0.9,2017-06-28 20:35:51.243000,1.879,406.424,1.475,12765.959,10,2017-06-28 16:35:51.237384;
2017-06-28 20:35:54.300000,43.66076866666667,-79.39470383333335,107.73,24.81,163.23,1.38,1003.91,0.99,2017-06-28 20:36:01.196000,1.878,405.78,1.395,12740.113,10,2017-06-28 16:36:01.241350;
2017-06-28 20:36:04.250000,43.66077999999999,-79.39469583333332,106.87,24.9,192.34,1.09,1003.92,1.4,2017-06-28 20:36:11.151000,1.88,405.274,1.405,12858.184,10,2017-06-28 16:36:11.224640;
2017-06-28 20:36:14.250000,43.660790500000004,-79.39468616666666,105.23,25.0,158.94,0.9,1003.86,0.99,2017-06-28 20:36:21.103500,1.879,405.044,1.42,12910.35,10,2017-06-28 16:36:21.243381;
2017-06-28 20:36:24.300000,43.660788666666676,-79.39468649999999,104.8,25.03,180.18,0.69,1003.89,1.03,2017-06-28 20:36:31.056000,1.879,404.606,1.427,12927.638,10,2017-06-28 16:36:31.250367;
2017-06-28 20:36:34.300000,43.66078633333332,-79.39469133333331,104.64,25.1,146.92,1.18,1003.9,0.9,2017-06-28 20:36:41.011000,1.878,404.198,1.336,13013.056,10,2017-06-28 16:36:41.242642;
2017-06-28 20:36:44.250000,43.660782499999996,-79.39469549999998,104.98,25.19,155.46,1.2,1003.91,0.92,2017-06-28 20:36:50.964000,1.878,404.359,1.45,13009.445,10,2017-06-28 16:36:51.249501;
2017-06-28 20:36:54.250000,43.660779166666664,-79.39469349999999,105.15,25.07,165.71,2.25,1003.92,0.91,2017-06-28 20:37:00.916500,1.878,404.389,1.34,13012.92,10,2017-06-28 16:37:01.244713;
2017-06-28 20:37:04.300000,43.66078233333333,-79.39469816666667,105.67,25.12,192.95,1.2,1003.91,0.9,2017-06-28 20:37:10.870500,1.879,403.783,1.515,13032.142,10,2017-06-28 16:37:11.249971;
2017-06-28 20:37:13.800000,43.660938888888886,-79.39479055555555,105.044,25.2,158.689,4.422,1003.867,0.9,2017-06-28 20:37:20.824000,1.879,407.732,1.507,13002.464,10,2017-06-28 16:37:20.249062;
2017-06-28 20:37:23.300000,43.661167666666664,-79.3945775,104.62,25.25,229.81,4.53,1003.85,0.9,2017-06-28 20:37:30.778000,1.877,413.392,1.525,12965.779,10,2017-06-28 16:37:30.258627;
2017-06-28 20:37:33.300000,43.66124666666666,-79.39428699999999,106.48,25.29,252.32,5.87,1003.87,0.9,2017-06-28 20:37:40.731500,1.877,414.8,1.462,12938.374,10,2017-06-28 16:37:40.246614;
2017-06-28 20:37:43.300000,43.661479666666665,-79.39404166666667,108.61,25.07,212.37,9.53,1003.81,0.9,2017-06-28 20:37:50.684000,1.875,412.188,1.378,13044.928,10,2017-06-28 16:37:50.267780;
2017-06-28 20:37:53.300000,43.661827,-79.39416549999999,108.04,25.04,172.93,7.01,1003.71,0.95,2017-06-28 20:38:00.638000,1.874,411.671,1.32,12853.472,10,2017-06-28 16:38:00.254249;
2017-06-28 20:38:03.300000,43.662070666666665,-79.39426549999999,104.83,25.19,164.38,4.77,1003.57,0.95,2017-06-28 20:38:10.590000,1.873,415.826,1.334,12842.292,10,2017-06-28 16:38:10.253501;
2017-06-28 20:38:13.300000,43.662231,-79.39439616666667,105.72,25.28,145.07,3.35,1003.6,0.9,2017-06-28 20:38:20.544000,1.874,410.677,1.374,12846.215,10,2017-06-28 16:38:20.251564;
2017-06-28 20:40:08.300000,43.66382186363635,-79.39520193939397,106.451,25.034,163.552,5.578,1003.696,0.94,2017-06-28 20:40:15.575500,1.875,412.507,1.297,12776.43,10,2017-06-28 16:42:00.319103;
2017-06-28 20:42:03.300000,43.6653395,-79.397254,114.36,24.88,173.92,6.12,1003.38,0.9,2017-06-28 20:42:10.607000,1.879,415.636,1.234,12967.59,10,2017-06-28 16:42:10.295179;
2017-06-28 20:42:13.300000,43.66570816666667,-79.39744583333334,110.4,24.8,170.87,7.7,1003.25,0.9,2017-06-28 20:42:20.560000,1.88,412.8,1.249,13121.211,10,2017-06-28 16:42:20.292630;
2017-06-28 20:42:23.300000,43.666033500000005,-79.39750616666666,109.64,24.8,193.04,5.94,1003.16,0.91,2017-06-28 20:42:30.513000,1.883,427.165,1.279,13121.157,10,2017-06-28 16:42:30.302586;
2017-06-28 20:42:33.300000,43.666073499999996,-79.39746583333334,109.58,24.94,289.61,0.87,1003.08,0.97,2017-06-28 20:42:40.467000,1.882,419.875,1.302,13073.676,10,2017-06-28 16:42:40.286131;
2017-06-28 20:42:43.300000,43.666078,-79.39744333333333,109.68,25.0,85.98,0.84,1003.12,0.93,2017-06-28 20:42:50.421000,1.88,409.695,1.328,12985.789,10,2017-06-28 16:42:50.283685;
2017-06-28 20:42:53.300000,43.666119333333334,-79.39724783333334,111.37,25.0,247.08,4.75,1003.07,0.97,2017-06-28 20:43:00.374500,1.879,410.536,1.181,12956.282,10,2017-06-28 16:43:00.288820;
2017-06-28 20:43:03.300000,43.666190833333324,-79.396924,110.79,25.0,274.58,7.15,1003.08,0.99,2017-06-28 20:43:10.327000,1.876,409.796,1.157,12951.003,10,2017-06-28 16:43:10.297042;
2017-06-28 20:43:13.300000,43.666282,-79.39650933333333,109.59,24.85,259.16,9.62,1003.06,1.04,2017-06-28 20:43:20.280000,1.874,405.996,1.15,13082.845,10,2017-06-28 16:43:20.309894;
2017-06-28 20:43:23.300000,43.66641216666667,-79.39610533333334,111.28,24.7,245.77,8.37,1003.05,0.99,2017-06-28 20:43:30.234000,1.874,406.993,1.178,13121.848,10,2017-06-28 16:43:30.297170;
2017-06-28 20:43:33.300000,43.666580499999995,-79.39598366666667,109.9,24.89,159.48,2.83,1003.01,1.04,2017-06-28 20:43:40.187000,1.874,403.859,1.132,12883.248,10,2017-06-28 16:43:40.287800;
2017-06-28 20:43:43.300000,43.66663183333334,-79.39597233333333,100.93,25.0,185.42,0.86,1003.04,1.04,2017-06-28 20:43:50.141000,1.873,403.627,1.163,12831.606,10,2017-06-28 16:43:50.294918;
2017-06-28 20:43:53.300000,43.66660816666666,-79.39598266666665,112.02,25.0,189.86,1.32,1003.14,1.01,2017-06-28 20:44:00.094000,1.874,404.39,1.178,12861.256,10,2017-06-28 16:44:00.283400;
2017-06-28 20:44:03.300000,43.666598666666665,-79.39595466666665,113.2,24.89,189.28,2.13,1003.12,1.01,2017-06-28 20:44:10.047000,1.872,403.737,1.096,12832.145,10,2017-06-28 16:44:10.299508;
2017-06-28 20:44:13.300000,43.666570833333324,-79.395952,118.61,24.87,223.0,1.56,1003.1,0.97,2017-06-28 20:44:20.001000,1.872,403.252,1.064,12769.846,10,2017-06-28 16:44:20.301091;
2017-06-28 20:44:23.300000,43.666569499999994,-79.39594783333334,117.99,24.72,262.52,2.24,1003.01,1.08,2017-06-28 20:44:29.954000,1.873,402.935,1.079,12759.079,10,2017-06-28 16:44:30.301437;
2017-06-28 20:44:33.300000,43.66655700000001,-79.39597116666667,117.26,24.74,288.9,2.02,1003.01,1.3,2017-06-28 20:44:39.908500,1.875,402.002,1.01,12793.576,10,2017-06-28 16:44:40.305345;
2017-06-28 20:44:43.300000,43.66654150000001,-79.39597116666667,118.61,24.73,218.82,1.45,1003.02,1.04,2017-06-28 20:44:49.862000,1.874,401.563,1.058,12849.556,10,2017-06-28 16:44:50.315046;
2017-06-28 20:44:52.800000,43.6665224074074,-79.39597611111111,120.644,24.956,287.044,1.244,1003.044,1.033,2017-06-28 20:44:59.815500,1.873,401.346,1.005,12850.813,10,2017-06-28 16:44:59.320947;
2017-06-28 20:45:02.300000,43.66652483333333,-79.39596966666667,118.55,25.01,220.44,1.02,1003.06,1.0,2017-06-28 20:45:09.769000,1.872,401.566,1.071,12878.407,10,2017-06-28 16:45:09.303391;
2017-06-28 20:45:12.300000,43.666516,-79.39596933333334,121.2,24.97,77.09,1.68,1003.07,1.0,2017-06-28 20:45:19.722000,1.873,402.648,1.093,12893.735,10,2017-06-28 16:45:19.310877;
2017-06-28 20:46:26.300000,43.666463454106314,-79.39599550724635,118.326,25.319,143.404,1.264,1003.114,1.006,2017-06-28 20:47:37.304000,1.875,400.852,1.01,13150.463,10,2017-06-28 16:47:37.346314;
2017-06-28 20:47:40.300000,43.666228333333336,-79.39641933333334,124.26,25.5,223.4,0.72,1003.1,1.0,2017-06-28 20:47:47.258000,1.878,402.704,1.051,13162.12,10,2017-06-28 16:47:47.331293;
2017-06-28 20:47:50.300000,43.666203,-79.39658349999999,127.87,25.54,240.05,0.75,1003.12,1.0,2017-06-28 20:47:57.211000,1.88,405.592,1.018,13221.861,10,2017-06-28 16:47:57.315277;
2017-06-28 20:48:00.300000,43.66619083333334,-79.39668850000001,127.33,25.51,93.48,2.54,1003.13,0.97,2017-06-28 20:48:07.164500,1.88,404.367,1.1,13467.748,10,2017-06-28 16:48:07.330672;
2017-06-28 20:48:10.300000,43.66621566666667,-79.39676133333334,112.41,25.18,129.78,3.7,1003.1,0.91,2017-06-28 20:48:17.118500,1.88,402.978,1.143,13564.695,10,2017-06-28 16:48:17.334431;
2017-06-28 20:48:20.300000,43.66618416666667,-79.39680549999999,106.56,25.01,168.36,2.97,1003.05,1.21,2017-06-28 20:48:27.072000,1.881,403.226,1.119,13441.821,10,2017-06-28 16:48:27.331354;
2017-06-28 20:48:30.300000,43.666169833333335,-79.3968545,104.53,25.0,154.56,2.53,1002.97,1.07,2017-06-28 20:48:37.025000,1.881,403.063,1.117,13227.247,10,2017-06-28 16:48:37.342213;
2017-06-28 20:48:40.300000,43.66615866666666,-79.39688833333332,102.51,25.09,168.84,1.77,1002.99,0.97,2017-06-28 20:48:46.978000,1.881,402.732,1.051,13174.627,10,2017-06-28 16:48:47.333504;
2017-06-28 20:48:50.300000,43.66617983333334,-79.39689499999999,95.98,25.23,145.42,0.35,1002.98,1.16,2017-06-28 20:48:56.932000,1.882,402.398,1.02,13179.904,10,2017-06-28 16:48:57.333972;
2017-06-28 20:49:00.300000,43.666157,-79.39693050000001,92.93,25.3,218.55,0.23,1003.01,1.05,2017-06-28 20:49:06.885000,1.881,410.822,1.038,13200.605,10,2017-06-28 16:49:07.330181;
2017-06-28 20:49:10.300000,43.66611566666667,-79.39695850000001,96.43,25.1,102.62,3.65,1002.99,0.99,2017-06-28 20:49:16.838500,1.881,426.097,1.072,13282.636,10,2017-06-28 16:49:17.341500;
2017-06-28 20:49:20.300000,43.666126,-79.39696516666667,93.94,24.8,127.6,4.56,1002.98,1.04,2017-06-28 20:49:26.792000,1.877,410.623,1.042,13350.157,10,2017-06-28 16:49:27.325276;
2017-06-28 20:49:30.300000,43.66615466666667,-79.39696050000002,89.35,24.69,147.81,2.83,1002.96,1.01,2017-06-28 20:49:36.745000,1.878,403.169,1.012,13315.923,10,2017-06-28 16:49:37.338583;
2017-06-28 20:49:40.300000,43.666169666666676,-79.39695500000002,87.68,24.64,173.78,3.65,1002.96,1.12,2017-06-28 20:49:46.699000,1.878,401.824,1.096,13219.879,10,2017-06-28 16:49:47.343254;
2017-06-28 20:49:50.300000,43.666184333333334,-79.39696416666668,86.44,24.63,184.29,2.02,1002.94,1.0,2017-06-28 20:49:56.652000,1.879,405.585,1.052,13179.356,10,2017-06-28 16:49:57.334047;
2017-06-28 20:50:00.300000,43.66618950000001,-79.39698033333332,86.89,24.79,256.45,1.37,1002.97,0.94,2017-06-28 20:50:06.606000,1.88,405.346,1.032,13153.491,10,2017-06-28 16:50:07.332687;
2017-06-28 20:50:10.300000,43.66619300000001,-79.39699,87.09,24.74,198.58,1.93,1002.98,1.05,2017-06-28 20:50:16.560000,1.881,403.708,1.055,13171.306,10,2017-06-28 16:50:17.339628;
2017-06-28 20:50:20.300000,43.66619183333334,-79.39701333333333,86.85,24.55,168.05,4.62,1002.98,1.07,2017-06-28 20:50:26.513000,1.879,403.176,1.055,13149.957,10,2017-06-28 16:50:27.342755;
2017-06-28 20:50:30.300000,43.666196833333345,-79.39701749999999,89.01,24.17,167.79,4.61,1002.94,0.98,2017-06-28 20:50:36.466000,1.881,402.204,1.046,13229.233,10,2017-06-28 16:50:37.335474;
2017-06-28 20:50:39.800000,43.66619722222222,-79.39702722222222,92.211,24.3,167.856,2.711,1002.911,0.922,2017-06-28 20:50:46.420000,1.882,402.474,1.022,13172.57,10,2017-06-28 16:50:46.346973;
2017-06-28 20:50:49.300000,43.666204833333325,-79.39702216666667,93.72,24.43,196.07,2.31,1002.97,1.13,2017-06-28 20:50:56.373500,1.882,402.146,1.053,13208.499,10,2017-06-28 16:50:56.336152;
2017-06-28 20:50:59.300000,43.66620999999999,-79.39702199999999,94.72,24.59,278.29,1.76,1003.01,1.26,2017-06-28 20:51:06.326500,1.882,404.674,1.071,13252.572,10,2017-06-28 16:51:06.349848;
2017-06-28 20:51:09.250000,43.66622,-79.3970175,95.5,24.6,297.11,2.02,1003.01,1.15,2017-06-28 20:51:16.281000,1.883,409.283,1.127,13268.919,10,2017-06-28 16:51:16.345790;
2017-06-28 20:51:19.300000,43.666219500000004,-79.397017,97.95,24.6,215.34,1.69,1003.02,0.93,2017-06-28 20:51:26.233000,1.884,410.446,1.063,13239.261,10,2017-06-28 16:51:26.358532;
2017-06-28 20:51:29.300000,43.666221,-79.39701083333335,98.62,24.54,208.7,2.1,1003.0,0.99,2017-06-28 20:51:36.186000,1.885,408.417,1.012,13197.619,10,2017-06-28 16:51:36.346993;
2017-06-28 20:51:39.300000,43.666228999999994,-79.39699183333332,98.83,24.5,223.09,2.63,1002.98,0.93,2017-06-28 20:51:46.140000,1.885,407.158,1.054,13228.147,10,2017-06-28 16:51:46.346200;
2017-06-28 20:51:49.300000,43.666239833333336,-79.39698116666666,97.62,24.5,212.33,2.81,1003.0,0.97,2017-06-28 20:51:56.094000,1.884,405.453,1.071,13235.084,10,2017-06-28 16:51:56.363002;
2017-06-28 20:51:59.300000,43.66624816666666,-79.396975,96.33,24.5,168.21,2.19,1003.0,1.11,2017-06-28 20:52:06.046000,1.884,403.991,0.994,13311.579,10,2017-06-28 16:52:06.354813;
2017-06-28 20:52:09.250000,43.666249,-79.39697083333334,95.99,24.4,152.99,2.0,1003.02,1.08,2017-06-28 20:52:16.001000,1.884,402.012,1.097,13583.213,10,2017-06-28 16:52:16.363164;
2017-06-28 20:52:19.300000,43.666254499999994,-79.39696350000001,96.46,24.33,141.8,3.41,1003.02,0.95,2017-06-28 20:52:25.955000,1.885,402.051,1.119,13734.538,10,2017-06-28 16:52:26.350207;
2017-06-28 20:52:29.300000,43.66625683333333,-79.39695216666664,95.18,24.06,151.46,3.81,1003.01,1.0,2017-06-28 20:52:35.907000,1.894,404.928,1.081,13700.638,10,2017-06-28 16:52:36.365640;
2017-06-28 20:52:39.300000,43.66625633333333,-79.39695916666668,95.05,23.93,149.91,4.69,1002.97,1.01,2017-06-28 20:52:45.860000,1.896,405.566,1.084,13608.252,10,2017-06-28 16:52:46.352262;
2017-06-28 20:52:49.300000,43.666254833333326,-79.39696350000001,95.04,23.53,144.71,8.49,1002.92,1.03,2017-06-28 20:52:55.814500,1.897,405.898,1.095,13584.363,10,2017-06-28 16:52:56.367137;
2017-06-28 20:52:59.300000,43.66625433333333,-79.39695983333334,94.17,23.31,146.47,7.14,1002.88,1.01,2017-06-28 20:53:05.767000,1.901,407.639,1.132,13466.093,10,2017-06-28 16:53:06.361485;
2017-06-28 20:53:09.300000,43.66625716666666,-79.39697216666667,93.6,23.48,149.38,4.67,1002.86,1.36,2017-06-28 20:53:15.720000,1.902,408.38,1.15,13385.59,10,2017-06-28 16:53:16.362137;
2017-06-28 20:53:19.300000,43.666265333333335,-79.39697266666667,93.26,23.76,133.26,2.7,1002.93,1.3,2017-06-28 20:53:25.674000,1.9,408.187,1.115,13331.559,10,2017-06-28 16:53:26.363418;
2017-06-28 20:53:29.300000,43.666266500000006,-79.39696316666668,92.8,23.87,123.56,1.91,1003.0,1.0,2017-06-28 20:53:35.628000,1.902,408.496,1.206,13401.609,10,2017-06-28 16:53:36.364400;
2017-06-28 20:53:39.300000,43.6662845,-79.39689366666667,94.69,24.0,109.01,1.68,1003.0,1.0,2017-06-28 20:53:45.581500,1.901,409.042,1.215,13430.61,10,2017-06-28 16:53:46.368250;
2017-06-28 20:53:49.300000,43.66630549999999,-79.396761,103.21,24.03,167.91,1.48,1003.01,1.05,2017-06-28 20:53:55.535000,1.899,410.1,1.452,13506.667,10,2017-06-28 16:53:56.363276;
2017-06-28 20:53:59.300000,43.66624983333334,-79.39674366666668,112.76,24.1,120.86,1.29,1002.99,0.94,2017-06-28 20:54:05.488500,1.894,408.471,1.369,13524.613,10,2017-06-28 16:54:06.371780;
2017-06-28 20:54:09.300000,43.6662215,-79.39662766666666,118.18,24.18,177.3,3.03,1003.03,0.97,2017-06-28 20:54:15.441000,1.894,407.423,1.316,13565.283,10,2017-06-28 16:54:16.377851;
2017-06-28 20:54:18.800000,43.66626185185185,-79.3963375925926,122.0,24.211,264.156,4.889,1003.022,0.978,2017-06-28 20:54:25.394500,1.893,409.85,1.352,13597.377,10,2017-06-28 16:54:25.378594;
2017-06-28 20:54:28.300000,43.66640816666667,-79.39607266666665,113.63,24.3,244.36,4.36,1003.14,1.0,2017-06-28 20:54:35.348000,1.895,410.055,1.292,13651.986,10,2017-06-28 16:54:35.366947;
2017-06-28 20:54:38.300000,43.66655066666667,-79.3959885,113.06,24.36,161.38,2.38,1003.12,1.0,2017-06-28 20:54:45.301500,1.895,406.507,1.279,13902.58,10,2017-06-28 16:54:45.376966;
2017-06-28 20:54:48.300000,43.66653316666667,-79.39595600000001,109.8,24.33,156.01,4.17,1003.19,1.0,2017-06-28 20:54:55.256000,1.894,405.524,1.25,13984.096,10,2017-06-28 16:54:55.380609;
2017-06-28 20:54:58.300000,43.666603166666675,-79.395752,108.56,24.3,243.11,1.46,1003.29,1.0,2017-06-28 20:55:05.209500,1.894,404.992,1.262,14038.736,10,2017-06-28 16:55:05.376947;
2017-06-28 20:55:08.300000,43.66676033333333,-79.39556516666667,110.73,24.3,249.42,1.75,1003.28,1.05,2017-06-28 20:55:15.162000,1.893,406.101,1.322,13965.721,10,2017-06-28 16:55:15.376820;
2017-06-28 20:55:18.300000,43.66680933333333,-79.39543066666667,113.44,24.3,213.85,2.64,1003.39,1.0,2017-06-28 20:55:25.115500,1.894,405.39,1.33,14123.788,10,2017-06-28 16:55:25.377154;
2017-06-28 20:55:28.300000,43.666728666666664,-79.39533999999999,113.9,24.3,233.03,1.69,1003.42,1.0,2017-06-28 20:55:35.068000,1.894,405.854,1.261,14023.832,10,2017-06-28 16:55:35.391756;
2017-06-28 20:55:38.300000,43.666628,-79.39530583333334,112.27,24.3,279.03,1.6,1003.45,1.07,2017-06-28 20:55:45.022500,1.892,406.034,1.198,13823.53,10,2017-06-28 16:55:45.376976;
2017-06-28 20:55:48.300000,43.666525,-79.39524066666667,108.44,24.3,290.51,0.87,1003.5,1.0,2017-06-28 20:55:54.976000,1.892,405.058,1.258,13759.337,10,2017-06-28 16:55:55.384823;
2017-06-28 20:55:58.300000,43.66642683333333,-79.39519316666666,106.6,24.4,124.74,0.91,1003.52,1.0,2017-06-28 20:56:04.929500,1.892,404.527,1.244,13892.675,10,2017-06-28 16:56:05.383381;
2017-06-28 20:56:08.300000,43.6663295,-79.39514799999999,105.26,24.4,52.97,1.3,1003.53,1.0,2017-06-28 20:56:14.883500,1.893,406.7,1.326,14006.011,10,2017-06-28 16:56:15.390051;
2017-06-28 20:56:18.300000,43.66619916666667,-79.39512400000001,108.07,24.4,85.32,1.29,1003.6,1.0,2017-06-28 20:56:24.837000,1.893,405.904,1.3,14064.372,10,2017-06-28 16:56:25.380080;
2017-06-28 20:56:28.300000,43.66608733333333,-79.39509316666667,107.65,24.4,307.68,1.94,1003.55,1.0,2017-06-28 20:56:34.789500,1.893,407.828,1.247,14062.071,10,2017-06-28 16:56:35.392582;
2017-06-28 20:56:38.300000,43.665980000000005,-79.39506200000001,104.26,24.38,177.52,2.93,1003.5,1.01,2017-06-28 20:56:44.742500,1.892,408.159,1.264,14190.689,10,2017-06-28 16:56:45.377676;
2017-06-28 20:56:48.300000,43.665873999999995,-79.39505549999998,105.27,24.3,49.62,1.94,1003.5,1.01,2017-06-28 20:56:54.696500,1.891,406.162,1.271,14243.94,10,2017-06-28 16:56:55.390457;
2017-06-28 20:56:58.300000,43.66576366666667,-79.39506116666668,108.9,24.3,169.59,1.26,1003.53,1.0,2017-06-28 20:57:04.650000,1.892,406.967,1.257,14344.943,10,2017-06-28 16:57:05.379879;
2017-06-28 20:57:08.300000,43.66566033333333,-79.39505966666665,110.7,24.3,46.83,2.56,1003.51,1.0,2017-06-28 20:57:14.604000,1.892,409.882,1.315,14270.689,10,2017-06-28 16:57:15.391168;
2017-06-28 20:57:18.300000,43.665637999999994,-79.39505983333335,111.19,24.3,74.89,1.64,1003.49,1.0,2017-06-28 20:57:24.557000,1.893,407.198,1.373,14125.135,10,2017-06-28 16:57:25.394078;
2017-06-28 20:57:28.300000,43.665646999999986,-79.39506533333335,111.87,24.3,97.83,1.37,1003.56,1.0,2017-06-28 20:57:34.510000,1.893,406.442,1.303,14084.151,10,2017-06-28 16:57:35.390486;
2017-06-28 20:57:38.300000,43.6656415,-79.39507150000001,113.13,24.28,40.17,2.03,1003.5,1.0,2017-06-28 20:57:44.464000,1.892,406.27,1.322,14274.375,10,2017-06-28 16:57:45.399030;
2017-06-28 20:57:47.800000,43.66564388888888,-79.39507000000002,111.811,24.2,24.344,2.822,1003.456,1.0,2017-06-28 20:57:54.417500,1.89,407.341,1.258,14342.755,10,2017-06-28 16:57:54.392590;
2017-06-28 20:57:57.300000,43.665647833333324,-79.39507400000001,110.72,24.2,54.9,2.0,1003.47,1.0,2017-06-28 20:58:04.370000,1.889,406.583,1.27,14378.56,10,2017-06-28 16:58:04.397145;
2017-06-28 20:58:07.300000,43.66564883333332,-79.39508016666667,108.95,24.2,47.85,2.16,1003.48,1.07,2017-06-28 20:58:14.323500,1.894,406.881,1.28,14382.154,10,2017-06-28 16:58:14.395913;
2017-06-28 20:58:17.300000,43.66564283333333,-79.395087,107.21,24.2,65.73,1.53,1003.52,1.0,2017-06-28 20:58:24.277500,1.897,407.312,1.27,14521.429,10,2017-06-28 16:58:24.394332;
2017-06-28 20:58:27.300000,43.665636500000005,-79.39508000000001,108.14,24.16,72.57,1.81,1003.55,1.0,2017-06-28 20:58:34.230500,1.894,407.387,1.237,14543.205,10,2017-06-28 16:58:34.408986;
2017-06-28 20:58:37.350000,43.665630500000006,-79.39506600000001,109.01,24.1,53.27,2.06,1003.53,1.0,2017-06-28 20:58:44.185000,1.894,407.924,1.313,14579.551,10,2017-06-28 16:58:44.410162;
2017-06-28 20:58:47.350000,43.665631000000005,-79.39505649999998,109.18,24.07,51.68,2.31,1003.48,1.0,2017-06-28 20:58:54.138000,1.89,406.515,1.244,14739.714,10,2017-06-28 16:58:54.410683;
2017-06-28 20:58:57.350000,43.66563433333334,-79.39504899999999,109.63,24.0,78.04,2.23,1003.5,1.0,2017-06-28 20:59:04.090500,1.889,406.045,1.32,14608.482,10,2017-06-28 16:59:04.414650;
2017-06-28 20:59:07.400000,43.66563566666667,-79.39504966666665,109.92,24.04,127.68,1.24,1003.6,1.0,2017-06-28 20:59:14.043000,1.893,406.047,1.267,14403.485,10,2017-06-28 16:59:14.411974;
2017-06-28 20:59:17.400000,43.6656095,-79.39502383333334,110.34,24.04,68.35,2.33,1003.56,1.0,2017-06-28 20:59:23.997000,1.891,408.339,1.247,14503.682,10,2017-06-28 16:59:24.413073;
2017-06-28 20:59:27.400000,43.66548366666666,-79.39490866666667,110.82,24.0,79.3,2.19,1003.59,1.0,2017-06-28 20:59:33.950000,1.889,406.995,1.196,14559.829,10,2017-06-28 16:59:34.412538;
2017-06-28 20:59:37.400000,43.665394000000006,-79.39481400000001,107.65,24.0,154.57,1.0,1003.65,1.0,2017-06-28 20:59:43.903500,1.889,408.087,1.209,14464.091,10,2017-06-28 16:59:44.430605;
2017-06-28 20:59:47.350000,43.665305000000004,-79.39473033333334,106.97,24.0,165.96,1.34,1003.69,1.07,2017-06-28 20:59:53.857000,1.89,413.254,1.193,14460.452,10,2017-06-28 16:59:54.408126;
2017-06-28 20:59:57.400000,43.665232166666655,-79.39464799999999,106.91,24.01,198.82,0.63,1003.68,1.0,2017-06-28 21:00:03.810000,1.89,412.074,1.228,14385.696,10,2017-06-28 17:00:04.427161;
2017-06-28 21:00:07.400000,43.66518416666667,-79.39455433333333,106.42,24.1,215.96,0.83,1003.7,1.0,2017-06-28 21:00:13.765000,1.892,410.702,1.188,14428.023,10,2017-06-28 17:00:14.408923;
2017-06-28 21:00:17.400000,43.665124,-79.3944275,105.11,24.1,259.25,1.08,1003.71,1.0,2017-06-28 21:00:23.717000,1.893,410.327,1.266,14354.733,10,2017-06-28 17:00:24.423388;
2017-06-28 21:00:27.400000,43.665064666666666,-79.39430016666667,105.02,24.2,92.92,1.03,1003.73,1.0,2017-06-28 21:00:33.671000,1.897,412.503,1.251,14247.967,10,2017-06-28 17:00:34.414185;
2017-06-28 21:00:37.400000,43.6651025,-79.39415783333332,104.24,24.2,81.33,2.54,1003.71,1.0,2017-06-28 21:00:43.625000,1.904,420.466,1.292,14246.245,10,2017-06-28 17:00:44.428178;
2017-06-28 21:00:47.400000,43.66513516666667,-79.39405416666668,104.57,24.2,92.43,2.64,1003.68,1.0,2017-06-28 21:00:53.579000,1.899,420.389,1.245,14135.939,10,2017-06-28 17:00:54.437346;
2017-06-28 21:00:57.400000,43.665126666666666,-79.39393566666668,104.0,24.2,126.78,2.36,1003.64,1.0,2017-06-28 21:01:03.532000,1.897,415.4,1.157,14064.459,10,2017-06-28 17:01:04.424590;
2017-06-28 21:01:07.400000,43.66509033333334,-79.393855,112.01,24.24,134.63,2.26,1003.69,1.0,2017-06-28 21:01:13.485000,1.894,411.92,1.38,14034.609,10,2017-06-28 17:01:14.426200;
2017-06-28 21:01:16.900000,43.66493092592592,-79.39381814814814,115.678,24.3,70.456,5.833,1003.7,1.0,2017-06-28 21:01:23.438500,1.895,410.627,1.151,14035.657,10,2017-06-28 17:01:23.418942;
2017-06-28 21:01:26.400000,43.66459983333333,-79.39371516666667,110.12,24.25,249.55,9.39,1003.71,1.0,2017-06-28 21:01:33.392000,1.896,437.499,1.272,14101.794,10,2017-06-28 17:01:33.429761;
2017-06-28 21:01:36.400000,43.66424500000001,-79.3935665,105.2,24.2,245.64,8.13,1003.77,1.0,2017-06-28 21:01:43.345000,1.898,425.081,1.216,14140.474,10,2017-06-28 17:01:43.431770;
2017-06-28 21:01:46.400000,43.6638995,-79.39333533333334,106.38,24.2,341.7,10.34,1003.67,1.0,2017-06-28 21:01:53.299000,1.893,417.715,1.183,14156.821,10,2017-06-28 17:01:53.439829;
2017-06-28 21:01:56.400000,43.66356616666667,-79.39301966666667,107.24,24.1,330.85,10.98,1003.66,1.0,2017-06-28 21:02:03.252000,1.889,417.183,1.225,14184.518,10,2017-06-28 17:02:03.441095;
2017-06-28 21:02:06.400000,43.663304,-79.39273266666667,110.71,24.17,289.79,6.67,1003.65,1.0,2017-06-28 21:02:13.206000,1.888,414.305,1.335,14128.561,10,2017-06-28 17:02:13.443156;
2017-06-28 21:02:16.400000,43.66318133333333,-79.39282166666665,106.82,24.3,169.72,5.32,1003.66,1.0,2017-06-28 21:02:23.160000,1.886,442.97,1.403,14041.04,10,2017-06-28 17:02:23.437219;
2017-06-28 21:02:26.400000,43.66309333333332,-79.39319033333332,100.1,24.16,95.82,7.7,1003.83,1.07,2017-06-28 21:02:33.112500,1.888,423.063,1.472,14022.637,10,2017-06-28 17:02:33.440743;
2017-06-28 21:02:36.400000,43.66302266666666,-79.39354766666665,101.34,24.2,83.7,7.24,1003.87,1.0,2017-06-28 21:02:43.065000,1.888,410.638,1.327,14006.53,10,2017-06-28 17:02:43.433259;
2017-06-28 21:02:46.400000,43.662901,-79.39379699999999,103.85,24.21,153.49,4.09,1003.94,1.0,2017-06-28 21:02:53.019000,1.888,407.405,1.501,14222.428,10,2017-06-28 17:02:53.451223;
2017-06-28 21:02:56.400000,43.662847,-79.39379466666666,108.54,24.3,260.03,3.21,1004.06,1.0,2017-06-28 21:03:02.972500,1.891,406.699,1.261,14466.39,10,2017-06-28 17:03:03.437960;
2017-06-28 21:03:06.400000,43.66269033333334,-79.39367683333334,107.28,24.3,248.46,1.67,1004.12,1.07,2017-06-28 21:03:12.926000,1.89,408.472,1.346,14549.199,10,2017-06-28 17:03:13.439741;
2017-06-28 21:03:16.400000,43.662598833333334,-79.39349849999999,109.72,24.3,136.62,1.13,1004.09,1.0,2017-06-28 21:03:22.880000,1.89,414.89,1.233,14629.476,10,2017-06-28 17:03:23.450598;
2017-06-28 21:03:26.400000,43.6624455,-79.39331533333333,118.23,24.12,220.91,3.36,1004.17,1.0,2017-06-28 21:03:32.833000,1.888,421.839,1.299,14638.931,10,2017-06-28 17:03:33.440306;
2017-06-28 21:03:36.400000,43.66225533333333,-79.39322583333333,116.8,24.1,75.98,0.85,1004.24,1.0,2017-06-28 21:03:42.787000,1.888,413.191,1.115,14489.031,10,2017-06-28 17:03:43.440410;
2017-06-28 21:03:46.400000,43.66205316666666,-79.39323516666667,131.65,24.19,134.87,1.48,1004.19,1.14,2017-06-28 21:03:52.739500,1.888,408.563,1.198,14289.393,10,2017-06-28 17:03:53.437200;
2017-06-28 21:03:56.400000,43.6617955,-79.39311250000002,135.61,24.2,254.79,1.64,1004.21,1.6,2017-06-28 21:04:02.692500,1.889,411.53,1.218,14315.972,10,2017-06-28 17:04:03.455523;
2017-06-28 21:04:06.400000,43.66155883333333,-79.39291483333332,112.81,24.19,55.19,1.69,1004.25,1.14,2017-06-28 21:04:12.646000,1.89,408.851,1.163,14356.81,10,2017-06-28 17:04:13.448868;
2017-06-28 21:04:16.400000,43.66159850000001,-79.39296916666667,117.21,24.1,172.47,2.03,1004.25,1.02,2017-06-28 21:04:22.599500,1.89,406.575,1.154,14328.325,10,2017-06-28 17:04:23.453512;
2017-06-28 21:04:26.400000,43.661613333333335,-79.39302583333333,120.29,24.1,282.97,1.78,1004.26,1.0,2017-06-28 21:04:32.553500,1.893,406.657,1.205,14271.478,10,2017-06-28 17:04:33.455286;
2017-06-28 21:04:36.400000,43.6616025,-79.39302449999998,120.49,24.1,281.78,1.73,1004.21,1.0,2017-06-28 21:04:42.506500,1.892,407.463,1.389,14202.743,10,2017-06-28 17:04:43.460547;
2017-06-28 21:04:45.900000,43.66160129629631,-79.3930375925926,122.933,24.1,208.233,0.922,1004.244,1.011,2017-06-28 21:04:52.460000,1.893,407.269,1.455,14128.96,10,2017-06-28 17:04:52.448597;
2017-06-28 21:04:55.400000,43.66160000000001,-79.393038,122.41,24.2,70.82,0.58,1004.29,1.0,2017-06-28 21:05:02.413000,1.893,415.47,1.44,14186.289,10,2017-06-28 17:05:02.455510;
2017-06-28 21:05:05.400000,43.66159866666667,-79.3930235,120.3,24.2,80.94,1.45,1004.29,1.0,2017-06-28 21:05:12.367500,1.892,418.071,1.501,14293.813,10,2017-06-28 17:05:12.463992;
2017-06-28 21:05:15.400000,43.661601000000005,-79.39301266666666,118.46,24.2,47.8,1.05,1004.26,1.42,2017-06-28 21:05:22.320500,1.892,412.144,1.478,14350.164,10,2017-06-28 17:05:22.472444;
2017-06-28 21:05:25.400000,43.661604999999994,-79.39300350000002,117.98,24.2,297.27,1.21,1004.25,1.07,2017-06-28 21:05:32.273500,1.897,414.957,1.493,14396.664,10,2017-06-28 17:05:32.455542;
2017-06-28 21:05:35.400000,43.66160566666667,-79.39299316666668,118.16,24.2,307.1,0.77,1004.29,1.14,2017-06-28 21:05:42.227000,1.904,411.498,1.403,14356.0,10,2017-06-28 17:05:42.463333;
2017-06-28 21:05:45.400000,43.6616265,-79.39299833333335,118.12,24.27,222.28,1.01,1004.26,1.21,2017-06-28 21:05:52.180000,1.902,409.052,1.412,14265.266,10,2017-06-28 17:05:52.479365;
2017-06-28 21:05:55.400000,43.661637999999996,-79.39299783333335,116.57,24.3,208.99,0.74,1004.29,1.07,2017-06-28 21:06:02.135000,1.9,407.992,1.446,14222.994,10,2017-06-28 17:06:02.471336;
2017-06-28 21:06:05.400000,43.661624833333335,-79.39299233333331,116.62,24.27,49.2,1.28,1004.36,1.56,2017-06-28 21:06:12.090000,1.915,409.125,1.492,14210.615,10,2017-06-28 17:06:12.450860;
2017-06-28 21:06:15.400000,43.661615499999996,-79.39299033333334,117.18,24.2,208.75,1.28,1004.32,1.7,2017-06-28 21:06:22.043000,1.906,407.785,1.532,14292.883,10,2017-06-28 17:06:22.470571;
2017-06-28 21:06:25.400000,43.66160966666667,-79.39298666666666,117.1,24.2,277.49,2.43,1004.24,1.58,2017-06-28 21:06:31.996500,1.903,407.147,1.522,14265.517,10,2017-06-28 17:06:32.481730;
2017-06-28 21:06:35.400000,43.661603,-79.39298233333332,117.54,24.16,227.68,2.48,1004.14,1.26,2017-06-28 21:06:41.950000,1.902,406.748,1.496,14188.764,10,2017-06-28 17:06:42.469673;
2017-06-28 21:06:45.400000,43.66159499999999,-79.39298016666665,117.55,24.08,203.14,1.86,1004.19,1.0,2017-06-28 21:06:51.904000,1.901,407.227,1.48,14184.875,10,2017-06-28 17:06:52.477522;
2017-06-28 21:06:55.400000,43.66159183333333,-79.39297649999999,117.16,24.05,298.61,1.64,1004.22,1.14,2017-06-28 21:07:01.857000,1.905,405.536,1.406,14142.784,10,2017-06-28 17:07:02.472018;
2017-06-28 21:07:05.400000,43.6615895,-79.39297583333332,117.16,24.01,256.42,3.09,1004.21,1.35,2017-06-28 21:07:11.810000,1.906,405.338,1.277,14080.48,10,2017-06-28 17:07:12.475006;
2017-06-28 21:07:15.400000,43.66157633333333,-79.393023,114.82,23.98,164.49,3.94,1004.15,1.21,2017-06-28 21:07:21.763000,1.908,406.334,1.382,14080.913,10,2017-06-28 17:07:22.488978;
2017-06-28 21:07:25.400000,43.6615135,-79.39338366666667,106.21,24.0,77.28,6.82,1004.13,1.21,2017-06-28 21:07:31.715500,1.907,406.124,1.291,14019.566,10,2017-06-28 17:07:32.474485;
2017-06-28 21:07:35.400000,43.66145933333333,-79.39364916666666,106.25,24.0,82.42,3.96,1003.97,1.7,2017-06-28 21:07:41.670000,1.912,405.795,1.246,14004.442,10,2017-06-28 17:07:42.481630;
2017-06-28 21:07:45.400000,43.66143366666667,-79.39387683333334,107.95,24.0,107.02,3.57,1003.89,1.7,2017-06-28 21:07:51.624000,1.915,404.586,1.264,13976.336,10,2017-06-28 17:07:52.477736;
2017-06-28 21:07:55.400000,43.661452999999995,-79.39402366666668,108.19,23.99,252.4,3.63,1003.83,1.65,2017-06-28 21:08:01.576000,1.916,404.499,1.352,13994.676,10,2017-06-28 17:08:02.481179;
2017-06-28 21:08:05.400000,43.66152949999999,-79.39401266666665,113.23,23.9,258.0,4.28,1003.81,1.5,2017-06-28 21:08:11.534000,1.915,407.682,1.291,14077.785,10,2017-06-28 17:08:12.487037;
2017-06-28 21:08:14.900000,43.661536481481484,-79.39402333333334,112.222,23.789,270.522,4.778,1003.711,1.7,2017-06-28 21:08:21.491000,1.916,408.605,1.307,14135.345,10,2017-06-28 17:08:21.488984;
2017-06-28 21:08:24.400000,43.66152816666666,-79.394007,113.69,23.7,266.15,4.92,1003.73,1.63,2017-06-28 21:08:31.447000,1.918,405.115,1.351,13998.25,10,2017-06-28 17:08:31.479662;
2017-06-28 21:08:34.400000,43.66152183333333,-79.39401516666666,115.38,23.76,274.6,2.63,1003.71,1.49,2017-06-28 21:08:41.403500,1.92,403.282,1.348,13855.746,10,2017-06-28 17:08:41.490662;
2017-06-28 21:08:44.400000,43.661501,-79.39402616666666,115.66,23.73,268.05,3.57,1003.73,1.7,2017-06-28 21:08:51.356500,1.919,403.154,1.343,13807.735,10,2017-06-28 17:08:51.487224;
2017-06-28 21:08:54.400000,43.66149366666667,-79.3940268333333,114.16,23.7,286.41,2.99,1003.71,1.67,2017-06-28 21:09:01.310500,1.918,407.574,1.333,13824.105,10,2017-06-28 17:09:01.498290;
2017-06-28 21:09:04.400000,43.661494000000005,-79.39402816666669,113.47,23.7,284.0,2.89,1003.72,1.74,2017-06-28 21:09:11.270000,1.917,405.086,1.336,13890.321,10,2017-06-28 17:09:11.479689;
2017-06-28 21:09:14.400000,43.661482166666666,-79.3940105,112.2,23.7,283.94,2.24,1003.69,1.56,2017-06-28 21:09:21.223000,1.919,404.698,1.319,13913.5,10,2017-06-28 17:09:21.487854;
2017-06-28 21:09:24.400000,43.66145083333333,-79.39373233333333,107.87,23.73,252.12,4.19,1003.78,1.56,2017-06-28 21:09:31.177000,1.921,405.884,1.463,13969.0,10,2017-06-28 17:09:31.478574;
2017-06-28 21:09:34.400000,43.66149233333334,-79.3934045,106.16,23.7,246.81,3.85,1003.91,1.63,2017-06-28 21:09:41.130000,1.921,406.506,1.541,14051.159,10,2017-06-28 17:09:41.492178;
2017-06-28 21:09:44.400000,43.66159166666667,-79.39291449999999,109.11,23.7,248.94,8.31,1004.04,1.56,2017-06-28 21:09:51.083000,1.922,408.766,1.343,14054.145,10,2017-06-28 17:09:51.501091;
2017-06-28 21:09:54.400000,43.661615166666664,-79.39267616666667,114.97,23.7,253.87,1.89,1003.99,1.42,2017-06-28 21:10:01.036500,1.921,409.102,1.441,14101.163,10,2017-06-28 17:10:01.488531;
2017-06-28 21:10:04.400000,43.661668999999996,-79.39262533333331,105.76,23.75,303.76,0.83,1003.86,1.36,2017-06-28 21:10:10.990000,1.918,411.976,1.265,14176.907,10,2017-06-28 17:10:11.492987;
2017-06-28 21:10:14.400000,43.66165183333334,-79.39256666666667,107.32,23.8,55.6,1.6,1003.86,1.7,2017-06-28 21:10:20.943500,1.919,422.616,1.385,14275.169,10,2017-06-28 17:10:21.495368;
2017-06-28 21:10:24.400000,43.66166699999999,-79.39251483333334,105.0,23.8,29.34,2.21,1003.82,1.35,2017-06-28 21:10:30.897000,1.919,413.25,1.204,14311.837,10,2017-06-28 17:10:31.503449;
2017-06-28 21:10:34.400000,43.661652333333336,-79.39250083333334,107.1,23.79,25.64,2.29,1003.74,1.0,2017-06-28 21:10:40.850500,1.917,409.173,1.404,14291.729,10,2017-06-28 17:10:41.493855;
2017-06-28 21:10:44.400000,43.66165616666667,-79.39249149999999,108.52,23.76,48.01,2.9,1003.75,1.0,2017-06-28 21:10:50.804000,1.919,408.426,1.378,14292.636,10,2017-06-28 17:10:51.501865;
2017-06-28 21:10:54.400000,43.661747000000005,-79.39252783333335,106.85,23.71,40.29,2.27,1003.75,1.0,2017-06-28 21:11:00.757000,1.931,407.927,1.301,14384.98,10,2017-06-28 17:11:01.495454;
2017-06-28 21:11:04.400000,43.66180199999999,-79.39250616666666,106.46,23.8,182.25,1.6,1003.72,1.0,2017-06-28 21:11:10.710500,1.924,407.917,1.334,14301.685,10,2017-06-28 17:11:11.501540;
2017-06-28 21:11:14.400000,43.66154466666667,-79.39234783333333,103.88,23.8,330.02,7.66,1003.79,1.07,2017-06-28 21:11:20.663000,1.92,411.922,1.422,14293.185,10,2017-06-28 17:11:21.503538;
2017-06-28 21:11:24.400000,43.661076833333325,-79.39206050000001,105.96,23.69,324.48,12.58,1003.81,1.08,2017-06-28 21:11:30.616000,1.921,426.626,1.303,14350.802,10,2017-06-28 17:11:31.516814;
2017-06-28 21:11:34.400000,43.66070633333334,-79.39151133333333,104.58,23.6,304.87,13.27,1003.93,1.03,2017-06-28 21:11:40.568000,1.921,421.615,1.426,14282.746,10,2017-06-28 17:11:41.506379;
2017-06-28 21:11:44.400000,43.66042616666666,-79.39097316666667,100.93,23.62,310.97,10.61,1003.99,1.06,2017-06-28 21:11:50.521000,1.921,422.161,1.449,14291.846,10,2017-06-28 17:11:51.503047;
2017-06-28 21:11:53.900000,43.66020037037037,-79.39086111111112,101.233,23.7,194.911,4.8,1004.022,1.0,2017-06-28 21:12:00.474500,1.927,420.348,1.67,14271.254,10,2017-06-28 17:12:00.518303;
2017-06-28 21:12:03.400000,43.660127666666675,-79.39084999999999,104.39,23.7,197.56,2.2,1004.09,1.05,2017-06-28 21:12:10.428000,1.918,421.08,1.513,14266.767,10,2017-06-28 17:12:10.518255;
2017-06-28 21:12:13.400000,43.66012333333333,-79.39080700000001,104.63,23.7,212.41,3.15,1004.07,1.1,2017-06-28 21:12:20.381000,1.914,419.787,1.523,14239.171,10,2017-06-28 17:12:20.511109;
2017-06-28 21:12:23.400000,43.66013483333334,-79.39077733333335,101.46,23.7,208.94,2.55,1004.06,1.07,2017-06-28 21:12:30.335000,1.914,416.062,1.451,14193.931,10,2017-06-28 17:12:30.508870;
2017-06-28 21:12:33.400000,43.660093999999994,-79.39074016666666,97.17,23.77,213.74,1.28,1004.17,1.12,2017-06-28 21:12:40.291500,1.924,455.26,1.49,14173.815,10,2017-06-28 17:12:40.502562;
2017-06-28 21:12:43.400000,43.660074,-79.39076833333334,93.54,23.8,182.48,0.9,1004.21,1.04,2017-06-28 21:12:50.250500,1.93,504.09,1.484,14190.343,10,2017-06-28 17:12:50.509382;
2017-06-28 21:12:53.400000,43.660074,-79.3907818333333,94.47,23.8,238.16,1.97,1004.15,1.02,2017-06-28 21:13:00.203000,1.934,530.832,1.521,14237.38,10,2017-06-28 17:13:00.519674;
2017-06-28 21:13:03.400000,43.6600695,-79.39078666666667,97.16,23.7,235.86,4.39,1004.11,1.08,2017-06-28 21:13:10.157000,1.924,489.54,1.44,14246.264,10,2017-06-28 17:13:10.518132;
2017-06-28 21:13:13.400000,43.66002683333334,-79.39075366666667,101.15,23.65,245.51,4.68,1004.06,1.07,2017-06-28 21:13:20.111500,1.913,447.107,1.464,14238.911,10,2017-06-28 17:13:20.521157;
2017-06-28 21:13:23.400000,43.66007299999999,-79.39073233333332,99.06,23.68,255.26,2.27,1004.11,1.06,2017-06-28 21:13:30.064500,1.909,427.817,1.477,14202.319,10,2017-06-28 17:13:30.518767;
2017-06-28 21:13:33.400000,43.66004016666666,-79.39072366666667,97.49,23.7,211.76,3.52,1004.16,1.04,2017-06-28 21:13:40.016500,1.907,417.072,1.406,14162.514,10,2017-06-28 17:13:40.517278;
2017-06-28 21:13:43.400000,43.659859166666664,-79.39087983333333,97.62,23.66,64.08,8.81,1004.18,1.06,2017-06-28 21:13:49.971000,1.908,414.951,1.33,14151.257,10,2017-06-28 17:13:50.520736;
2017-06-28 21:13:53.400000,43.659745333333326,-79.39134700000001,99.58,23.41,84.65,14.05,1004.21,1.12,2017-06-28 21:13:59.924500,1.908,422.12,1.377,14096.677,10,2017-06-28 17:14:00.528665;
2017-06-28 21:14:03.400000,43.65963083333334,-79.3918425,104.26,23.32,68.92,9.9,1004.17,1.0,2017-06-28 21:14:09.878000,1.918,415.073,1.336,14030.607,10,2017-06-28 17:14:10.517992;
2017-06-28 21:14:13.400000,43.659360500000005,-79.39240233333332,120.62,23.43,63.8,10.46,1004.23,1.24,2017-06-28 21:14:19.831500,1.933,420.318,1.31,13960.46,10,2017-06-28 17:14:20.525390;
2017-06-28 21:14:23.400000,43.65928116666667,-79.39295016666668,122.57,23.5,84.88,10.37,1004.15,1.06,2017-06-28 21:14:29.785000,1.935,432.419,1.55,14022.892,10,2017-06-28 17:14:30.529051;
2017-06-28 21:14:33.400000,43.659125,-79.39327499999999,121.97,23.53,129.35,5.72,1004.18,1.02,2017-06-28 21:14:39.742000,1.957,422.435,1.68,14144.435,10,2017-06-28 17:14:40.522077;
2017-06-28 21:14:43.400000,43.659044166666675,-79.39330633333334,121.44,23.6,289.87,2.1,1004.18,1.04,2017-06-28 21:14:49.698000,1.955,417.368,1.557,14188.996,10,2017-06-28 17:14:50.522850;
2017-06-28 21:14:53.400000,43.659032833333335,-79.39331666666666,126.92,23.6,286.01,2.44,1004.23,1.15,2017-06-28 21:14:59.651500,1.947,419.641,1.585,14227.639,10,2017-06-28 17:15:00.510586;
2017-06-28 21:15:03.400000,43.659045333333324,-79.39333350000001,122.89,23.6,278.75,3.57,1004.2,1.07,2017-06-28 21:15:09.604500,1.948,413.635,1.426,14289.123,10,2017-06-28 17:15:10.524044;
2017-06-28 21:15:13.400000,43.65904416666666,-79.39365583333333,120.02,23.6,83.57,8.54,1004.22,1.05,2017-06-28 21:15:19.558000,1.95,410.305,1.373,14317.866,10,2017-06-28 17:15:20.517626;
2017-06-28 21:15:23.400000,43.65911716666666,-79.39421183333334,109.48,23.6,82.94,9.33,1004.21,1.0,2017-06-28 21:15:29.513500,1.95,415.212,1.451,14307.115,10,2017-06-28 17:15:30.524893;
2017-06-28 21:15:32.900000,43.65903203703703,-79.39473277777778,105.422,23.456,86.467,10.578,1004.189,1.0,2017-06-28 21:15:39.469000,1.938,432.275,1.784,14280.452,10,2017-06-28 17:15:39.533488;
2017-06-28 21:15:42.400000,43.658912666666666,-79.3952155,104.93,23.4,89.25,9.89,1004.21,1.0,2017-06-28 21:15:49.422000,1.921,420.819,1.669,14225.606,10,2017-06-28 17:15:49.541319;
2017-06-28 21:15:52.400000,43.65881500000001,-79.39551866666667,112.59,23.43,173.46,3.84,1004.14,1.0,2017-06-28 21:15:59.376500,1.918,413.936,1.531,14228.378,10,2017-06-28 17:15:59.535031;
2017-06-28 21:16:02.400000,43.658791333333326,-79.39559216666666,122.52,23.5,198.29,2.52,1004.12,1.0,2017-06-28 21:16:09.331000,1.919,411.416,1.453,14171.6,10,2017-06-28 17:16:09.533662;
2017-06-28 21:16:12.400000,43.658767,-79.39569383333334,121.58,23.5,110.57,4.97,1004.11,1.0,2017-06-28 21:16:19.284500,1.92,409.867,1.461,14148.689,10,2017-06-28 17:16:19.540394;
2017-06-28 21:16:22.400000,43.65877083333333,-79.39597866666666,109.34,23.55,123.69,2.53,1004.08,1.0,2017-06-28 21:16:29.238500,1.923,408.894,1.409,14157.613,10,2017-06-28 17:16:29.539771;
2017-06-28 21:16:32.400000,43.65895283333334,-79.3962145,107.33,23.58,154.75,5.2,1004.06,1.0,2017-06-28 21:16:39.191500,1.923,406.752,1.368,14157.621,10,2017-06-28 17:16:39.548936;
2017-06-28 21:16:42.400000,43.65932316666666,-79.39644883333334,105.47,23.5,163.24,7.97,1004.03,1.03,2017-06-28 21:16:49.144000,1.923,408.772,1.457,14211.931,10,2017-06-28 17:16:49.533864;
2017-06-28 21:16:52.400000,43.65959716666667,-79.39659483333334,111.89,23.54,164.23,3.76,1003.94,1.11,2017-06-28 21:16:59.101500,1.922,413.74,1.493,14249.705,10,2017-06-28 17:16:59.543810;
2017-06-28 21:17:02.400000,43.659674166666676,-79.39658766666665,110.3,23.46,137.73,2.36,1003.94,1.07,2017-06-28 21:17:09.058000,1.92,410.072,1.468,14293.329,10,2017-06-28 17:17:09.535595;
2017-06-28 21:17:12.400000,43.65965633333333,-79.39659766666666,111.06,23.4,145.12,2.19,1003.93,1.15,2017-06-28 21:17:19.012500,1.921,411.125,1.35,14362.939,10,2017-06-28 17:17:19.551325;
2017-06-28 21:17:22.400000,43.659766000000005,-79.39668916666668,114.63,23.47,163.68,3.63,1003.94,1.11,2017-06-28 21:17:28.971000,1.921,410.961,1.363,14382.56,10,2017-06-28 17:17:29.550812;
2017-06-28 21:17:32.400000,43.66012249999999,-79.39685866666666,118.66,23.48,166.93,6.93,1003.87,1.0,2017-06-28 21:17:38.924000,1.92,409.775,1.33,14421.523,10,2017-06-28 17:17:39.552959;
2017-06-28 21:17:42.400000,43.660390666666665,-79.39701633333333,113.73,23.47,148.33,4.96,1003.78,1.0,2017-06-28 21:17:48.877000,1.919,412.48,1.453,14384.307,10,2017-06-28 17:17:49.556309;
2017-06-28 21:17:52.400000,43.66039983333334,-79.39729183333333,108.87,23.46,93.04,7.79,1003.73,1.1,2017-06-28 21:17:58.828000,1.921,425.048,1.376,14379.055,10,2017-06-28 17:17:59.548773;
2017-06-28 21:18:02.400000,43.660249500000006,-79.39784166666666,107.09,23.22,80.14,12.58,1003.74,1.5,2017-06-28 21:18:08.781500,1.913,422.334,1.504,14392.8,10,2017-06-28 17:18:09.555326;
2017-06-28 21:18:12.400000,43.66015266666666,-79.39837550000001,107.33,23.2,91.46,10.26,1003.74,1.35,2017-06-28 21:18:18.735000,1.905,412.041,1.435,14335.495,10,2017-06-28 17:18:19.550116;
2017-06-28 21:18:22.400000,43.660256833333335,-79.39872483333332,108.52,23.11,135.0,8.22,1003.73,1.0,2017-06-28 21:18:28.690000,1.901,407.371,1.35,14203.828,10,2017-06-28 17:18:29.559480;
2017-06-28 21:18:32.400000,43.66073166666666,-79.39891466666666,128.06,23.1,185.16,7.36,1003.62,1.05,2017-06-28 21:18:38.643500,1.895,406.553,1.472,14123.269,10,2017-06-28 17:18:39.566087;
2017-06-28 21:18:42.400000,43.660992,-79.39902333333332,135.13,23.19,174.65,5.66,1003.59,1.09,2017-06-28 21:18:48.595000,1.894,404.961,1.486,14014.33,10,2017-06-28 17:18:49.553934;
2017-06-28 21:18:52.400000,43.6611535,-79.39901833333333,134.96,23.14,155.68,4.82,1003.5,1.0,2017-06-28 21:18:58.548500,1.895,406.066,1.475,14019.943,10,2017-06-28 17:18:59.565774;
2017-06-28 21:19:01.900000,43.66114703703704,-79.39896166666666,126.644,23.011,214.6,6.933,1003.467,1.167,2017-06-28 21:19:08.503500,1.894,405.208,1.35,14055.782,10,2017-06-28 17:19:08.564561;
2017-06-28 21:19:11.400000,43.66090849999999,-79.39895033333335,139.39,22.81,342.5,12.21,1003.54,1.27,2017-06-28 21:19:18.458000,1.895,406.817,1.39,14008.736,10,2017-06-28 17:19:18.554890;
2017-06-28 21:19:21.400000,43.66067150000001,-79.39869466666667,137.88,22.91,250.88,3.17,1003.47,1.2,2017-06-28 21:19:28.411000,1.893,406.226,1.412,13953.114,10,2017-06-28 17:19:28.548905;
2017-06-28 21:19:31.400000,43.66067233333334,-79.39872249999999,143.2,23.04,150.39,2.15,1003.36,1.01,2017-06-28 21:19:38.363000,1.895,404.335,1.485,13948.293,10,2017-06-28 17:19:38.564830;
2017-06-28 21:19:41.400000,43.66065316666666,-79.39874499999999,148.04,23.1,189.64,0.99,1003.39,1.59,2017-06-28 21:19:48.317500,1.894,404.654,1.516,14002.997,10,2017-06-28 17:19:48.572164;
2017-06-28 21:19:51.400000,43.660645499999994,-79.3987521666667,145.48,23.07,77.6,3.4,1003.47,1.5,2017-06-28 21:19:58.271000,1.893,405.081,1.434,14022.723,10,2017-06-28 17:19:58.565198;
2017-06-28 21:20:01.400000,43.66064349999999,-79.3987715,146.65,23.0,170.31,2.83,1003.42,1.46,2017-06-28 21:20:08.224500,1.893,404.205,1.42,14036.2,10,2017-06-28 17:20:08.561337;
2017-06-28 21:20:11.400000,43.660650333333344,-79.39878749999998,151.31,23.06,208.96,1.44,1003.4,1.32,2017-06-28 21:20:18.178500,1.894,404.166,1.444,14050.032,10,2017-06-28 17:20:18.566001;
2017-06-28 21:20:21.400000,43.66066266666667,-79.39880533333334,155.42,23.04,72.69,2.17,1003.42,1.3,2017-06-28 21:20:28.133000,1.897,411.843,1.394,14072.949,10,2017-06-28 17:20:28.576963;
2017-06-28 21:20:31.400000,43.66066583333333,-79.39886166666666,160.83,23.09,121.2,1.88,1003.46,1.25,2017-06-28 21:20:38.086000,1.898,407.565,1.47,14094.239,10,2017-06-28 17:20:38.573206;
2017-06-28 21:20:41.400000,43.66065183333332,-79.39891916666666,163.59,23.05,206.97,2.2,1003.44,1.54,2017-06-28 21:20:48.038500,1.897,406.281,1.454,14086.131,10,2017-06-28 17:20:48.569707;
2017-06-28 21:20:51.400000,43.660649333333346,-79.39895299999999,167.92,23.1,208.67,1.34,1003.43,1.25,2017-06-28 21:20:57.992000,1.898,404.963,1.463,14076.314,10,2017-06-28 17:20:58.565171;
